{
  "ensemble_type": "voting",
  "param_search": false,
  "train": {
    "accuracy": 0.9739413680781759,
    "precision": 0.9852941176470589,
    "recall": 0.9392523364485982,
    "f1_score": 0.9617224880382775
  },
  "test": {
    "accuracy": 0.7662337662337663,
    "precision": 0.6956521739130435,
    "recall": 0.5925925925925926,
    "f1_score": 0.64
  }
}