{
  "train": {
    "accuracy": 0.9739413680781759,
    "precision": 0.9852941176470589,
    "recall": 0.9392523364485982,
    "f1_score": 0.9617224880382775,
    "auc": 0.9658761682242991,
    "balanced_accuracy": 0.9658761682242991,
    "mcc": 0.9426063491411797,
    "confusion_matrix": [
      [
        397,
        3
      ],
      [
        13,
        201
      ]
    ],
    "classification_report": {
      "0": {
        "precision": 0.9682926829268292,
        "recall": 0.9925,
        "f1-score": 0.980246913580247,
        "support": 400.0
      },
      "1": {
        "precision": 0.9852941176470589,
        "recall": 0.9392523364485982,
        "f1-score": 0.9617224880382775,
        "support": 214.0
      },
      "accuracy": 0.9739413680781759,
      "macro avg": {
        "precision": 0.9767934002869441,
        "recall": 0.9658761682242991,
        "f1-score": 0.9709847008092622,
        "support": 614.0
      },
      "weighted avg": {
        "precision": 0.9742182644091244,
        "recall": 0.9739413680781759,
        "f1-score": 0.9737905177073131,
        "support": 614.0
      }
    },
    "roc_auc_score_proba": 0.9987149532710281,
    "average_precision": 0.9975562096556341,
    "brier_score": 0.0589117941847597
  },
  "test": {
    "accuracy": 0.7662337662337663,
    "precision": 0.6956521739130435,
    "recall": 0.5925925925925926,
    "f1_score": 0.64,
    "auc": 0.7262962962962962,
    "balanced_accuracy": 0.7262962962962962,
    "mcc": 0.47186039625508397,
    "confusion_matrix": [
      [
        86,
        14
      ],
      [
        22,
        32
      ]
    ],
    "classification_report": {
      "0": {
        "precision": 0.7962962962962963,
        "recall": 0.86,
        "f1-score": 0.8269230769230769,
        "support": 100.0
      },
      "1": {
        "precision": 0.6956521739130435,
        "recall": 0.5925925925925926,
        "f1-score": 0.64,
        "support": 54.0
      },
      "accuracy": 0.7662337662337663,
      "macro avg": {
        "precision": 0.7459742351046699,
        "recall": 0.7262962962962962,
        "f1-score": 0.7334615384615384,
        "support": 154.0
      },
      "weighted avg": {
        "precision": 0.7610055001359349,
        "recall": 0.7662337662337663,
        "f1-score": 0.7613786213786214,
        "support": 154.0
      }
    },
    "roc_auc_score_proba": 0.8274074074074074,
    "average_precision": 0.7058058631882211,
    "brier_score": 0.16225795919694325
  }
}